1	f_et_kk_nf
1	f_et_kk_þf
1	f_et_kk_þgf
1	f_et_kk_ef
1	f_et_kvk_nf
1	f_et_kvk_þf
1	f_et_kvk_þgf
1	f_et_kvk_ef
1	f_et_hk_nf
1	f_et_hk_þf
1	f_et_hk_þgf
1	f_et_hk_ef
1	f_ft_kk_nf
1	f_ft_kk_þf
1	f_ft_kk_þgf
1	f_ft_kk_ef
1	f_ft_kvk_nf
1	f_ft_kvk_þf
1	f_ft_kvk_þgf
1	f_ft_kvk_ef
1	f_ft_hk_nf
1	f_ft_hk_þf
1	f_ft_hk_þgf
1	f_ft_hk_ef
2	f_ft_kk_nf
2	f_ft_kk_þf
2	f_ft_kk_þgf
2	f_ft_kk_ef
2	f_ft_kvk_nf
2	f_ft_kvk_þf
2	f_ft_kvk_þgf
2	f_ft_kvk_ef
2	f_ft_hk_nf
2	f_ft_hk_þf
2	f_ft_hk_þgf
2	f_ft_hk_ef
3	f_ft_kk_nf
3	f_ft_kk_þf
3	f_ft_kk_þgf
3	f_ft_kk_ef
3	f_ft_kvk_nf
3	f_ft_kvk_þf
3	f_ft_kvk_þgf
3	f_ft_kvk_ef
3	f_ft_hk_nf
3	f_ft_hk_þf
3	f_ft_hk_þgf
3	f_ft_hk_ef
4	f_ft_kk_nf
4	f_ft_kk_þf
4	f_ft_kk_þgf
4	f_ft_kk_ef
4	f_ft_kvk_nf
4	f_ft_kvk_þf
4	f_ft_kvk_þgf
4	f_ft_kvk_ef
4	f_ft_hk_nf
4	f_ft_hk_þf
4	f_ft_hk_þgf
4	f_ft_hk_ef
5	f_at_af
6	f_at_af
7	f_at_af
8	f_at_af
9	f_at_af
10	f_at_af
11	f_at_af
12	f_at_af
13	f_at_af
14	f_at_af
15	f_at_af
16	f_at_af
17	f_at_af
18	f_at_af
19	f_at_af
20	f_at_af
21	f_et_kk_nf
21	f_et_kk_þf
21	f_et_kk_þgf
21	f_et_kk_ef
21	f_et_kvk_nf
21	f_et_kvk_þf
21	f_et_kvk_þgf
21	f_et_kvk_ef
21	f_et_hk_nf
21	f_et_hk_þf
21	f_et_hk_þgf
21	f_et_hk_ef
21	f_ft_kk_nf
21	f_ft_kk_þf
21	f_ft_kk_þgf
21	f_ft_kk_ef
21	f_ft_kvk_nf
21	f_ft_kvk_þf
21	f_ft_kvk_þgf
21	f_ft_kvk_ef
21	f_ft_hk_nf
21	f_ft_hk_þf
21	f_ft_hk_þgf
21	f_ft_hk_ef
22	f_ft_kk_nf
22	f_ft_kk_þf
22	f_ft_kk_þgf
22	f_ft_kk_ef
22	f_ft_kvk_nf
22	f_ft_kvk_þf
22	f_ft_kvk_þgf
22	f_ft_kvk_ef
22	f_ft_hk_nf
22	f_ft_hk_þf
22	f_ft_hk_þgf
22	f_ft_hk_ef
23	f_ft_kk_nf
23	f_ft_kk_þf
23	f_ft_kk_þgf
23	f_ft_kk_ef
23	f_ft_kvk_nf
23	f_ft_kvk_þf
23	f_ft_kvk_þgf
23	f_ft_kvk_ef
23	f_ft_hk_nf
23	f_ft_hk_þf
23	f_ft_hk_þgf
23	f_ft_hk_ef
24	f_ft_kk_nf
24	f_ft_kk_þf
24	f_ft_kk_þgf
24	f_ft_kk_ef
24	f_ft_kvk_nf
24	f_ft_kvk_þf
24	f_ft_kvk_þgf
24	f_ft_kvk_ef
24	f_ft_hk_nf
24	f_ft_hk_þf
24	f_ft_hk_þgf
24	f_ft_hk_ef
25	f_at_af
26	f_at_af
27	f_at_af
28	f_at_af
29	f_at_af
30	f_at_af
31	f_et_kk_nf
31	f_et_kk_þf
31	f_et_kk_þgf
31	f_et_kk_ef
31	f_et_kvk_nf
31	f_et_kvk_þf
31	f_et_kvk_þgf
31	f_et_kvk_ef
31	f_et_hk_nf
31	f_et_hk_þf
31	f_et_hk_þgf
31	f_et_hk_ef
31	f_ft_kk_nf
31	f_ft_kk_þf
31	f_ft_kk_þgf
31	f_ft_kk_ef
31	f_ft_kvk_nf
31	f_ft_kvk_þf
31	f_ft_kvk_þgf
31	f_ft_kvk_ef
31	f_ft_hk_nf
31	f_ft_hk_þf
31	f_ft_hk_þgf
31	f_ft_hk_ef
32	f_ft_kk_nf
32	f_ft_kk_þf
32	f_ft_kk_þgf
32	f_ft_kk_ef
32	f_ft_kvk_nf
32	f_ft_kvk_þf
32	f_ft_kvk_þgf
32	f_ft_kvk_ef
32	f_ft_hk_nf
32	f_ft_hk_þf
32	f_ft_hk_þgf
32	f_ft_hk_ef
33	f_ft_kk_nf
33	f_ft_kk_þf
33	f_ft_kk_þgf
33	f_ft_kk_ef
33	f_ft_kvk_nf
33	f_ft_kvk_þf
33	f_ft_kvk_þgf
33	f_ft_kvk_ef
33	f_ft_hk_nf
33	f_ft_hk_þf
33	f_ft_hk_þgf
33	f_ft_hk_ef
34	f_ft_kk_nf
34	f_ft_kk_þf
34	f_ft_kk_þgf
34	f_ft_kk_ef
34	f_ft_kvk_nf
34	f_ft_kvk_þf
34	f_ft_kvk_þgf
34	f_ft_kvk_ef
34	f_ft_hk_nf
34	f_ft_hk_þf
34	f_ft_hk_þgf
34	f_ft_hk_ef
35	f_at_af
36	f_at_af
37	f_at_af
38	f_at_af
39	f_at_af
40	f_at_af
41	f_et_kk_nf
41	f_et_kk_þf
41	f_et_kk_þgf
41	f_et_kk_ef
41	f_et_kvk_nf
41	f_et_kvk_þf
41	f_et_kvk_þgf
41	f_et_kvk_ef
41	f_et_hk_nf
41	f_et_hk_þf
41	f_et_hk_þgf
41	f_et_hk_ef
41	f_ft_kk_nf
41	f_ft_kk_þf
41	f_ft_kk_þgf
41	f_ft_kk_ef
41	f_ft_kvk_nf
41	f_ft_kvk_þf
41	f_ft_kvk_þgf
41	f_ft_kvk_ef
41	f_ft_hk_nf
41	f_ft_hk_þf
41	f_ft_hk_þgf
41	f_ft_hk_ef
42	f_ft_kk_nf
42	f_ft_kk_þf
42	f_ft_kk_þgf
42	f_ft_kk_ef
42	f_ft_kvk_nf
42	f_ft_kvk_þf
42	f_ft_kvk_þgf
42	f_ft_kvk_ef
42	f_ft_hk_nf
42	f_ft_hk_þf
42	f_ft_hk_þgf
42	f_ft_hk_ef
43	f_ft_kk_nf
43	f_ft_kk_þf
43	f_ft_kk_þgf
43	f_ft_kk_ef
43	f_ft_kvk_nf
43	f_ft_kvk_þf
43	f_ft_kvk_þgf
43	f_ft_kvk_ef
43	f_ft_hk_nf
43	f_ft_hk_þf
43	f_ft_hk_þgf
43	f_ft_hk_ef
44	f_ft_kk_nf
44	f_ft_kk_þf
44	f_ft_kk_þgf
44	f_ft_kk_ef
44	f_ft_kvk_nf
44	f_ft_kvk_þf
44	f_ft_kvk_þgf
44	f_ft_kvk_ef
44	f_ft_hk_nf
44	f_ft_hk_þf
44	f_ft_hk_þgf
44	f_ft_hk_ef
45	f_at_af
46	f_at_af
47	f_at_af
48	f_at_af
49	f_at_af
50	f_at_af
51	f_et_kk_nf
51	f_et_kk_þf
51	f_et_kk_þgf
51	f_et_kk_ef
51	f_et_kvk_nf
51	f_et_kvk_þf
51	f_et_kvk_þgf
51	f_et_kvk_ef
51	f_et_hk_nf
51	f_et_hk_þf
51	f_et_hk_þgf
51	f_et_hk_ef
51	f_ft_kk_nf
51	f_ft_kk_þf
51	f_ft_kk_þgf
51	f_ft_kk_ef
51	f_ft_kvk_nf
51	f_ft_kvk_þf
51	f_ft_kvk_þgf
51	f_ft_kvk_ef
51	f_ft_hk_nf
51	f_ft_hk_þf
51	f_ft_hk_þgf
51	f_ft_hk_ef
52	f_ft_kk_nf
52	f_ft_kk_þf
52	f_ft_kk_þgf
52	f_ft_kk_ef
52	f_ft_kvk_nf
52	f_ft_kvk_þf
52	f_ft_kvk_þgf
52	f_ft_kvk_ef
52	f_ft_hk_nf
52	f_ft_hk_þf
52	f_ft_hk_þgf
52	f_ft_hk_ef
53	f_ft_kk_nf
53	f_ft_kk_þf
53	f_ft_kk_þgf
53	f_ft_kk_ef
53	f_ft_kvk_nf
53	f_ft_kvk_þf
53	f_ft_kvk_þgf
53	f_ft_kvk_ef
53	f_ft_hk_nf
53	f_ft_hk_þf
53	f_ft_hk_þgf
53	f_ft_hk_ef
54	f_ft_kk_nf
54	f_ft_kk_þf
54	f_ft_kk_þgf
54	f_ft_kk_ef
54	f_ft_kvk_nf
54	f_ft_kvk_þf
54	f_ft_kvk_þgf
54	f_ft_kvk_ef
54	f_ft_hk_nf
54	f_ft_hk_þf
54	f_ft_hk_þgf
54	f_ft_hk_ef
55	f_at_af
56	f_at_af
57	f_at_af
58	f_at_af
59	f_at_af
60	f_at_af
61	f_et_kk_nf
61	f_et_kk_þf
61	f_et_kk_þgf
61	f_et_kk_ef
61	f_et_kvk_nf
61	f_et_kvk_þf
61	f_et_kvk_þgf
61	f_et_kvk_ef
61	f_et_hk_nf
61	f_et_hk_þf
61	f_et_hk_þgf
61	f_et_hk_ef
61	f_ft_kk_nf
61	f_ft_kk_þf
61	f_ft_kk_þgf
61	f_ft_kk_ef
61	f_ft_kvk_nf
61	f_ft_kvk_þf
61	f_ft_kvk_þgf
61	f_ft_kvk_ef
61	f_ft_hk_nf
61	f_ft_hk_þf
61	f_ft_hk_þgf
61	f_ft_hk_ef
62	f_ft_kk_nf
62	f_ft_kk_þf
62	f_ft_kk_þgf
62	f_ft_kk_ef
62	f_ft_kvk_nf
62	f_ft_kvk_þf
62	f_ft_kvk_þgf
62	f_ft_kvk_ef
62	f_ft_hk_nf
62	f_ft_hk_þf
62	f_ft_hk_þgf
62	f_ft_hk_ef
63	f_ft_kk_nf
63	f_ft_kk_þf
63	f_ft_kk_þgf
63	f_ft_kk_ef
63	f_ft_kvk_nf
63	f_ft_kvk_þf
63	f_ft_kvk_þgf
63	f_ft_kvk_ef
63	f_ft_hk_nf
63	f_ft_hk_þf
63	f_ft_hk_þgf
63	f_ft_hk_ef
64	f_ft_kk_nf
64	f_ft_kk_þf
64	f_ft_kk_þgf
64	f_ft_kk_ef
64	f_ft_kvk_nf
64	f_ft_kvk_þf
64	f_ft_kvk_þgf
64	f_ft_kvk_ef
64	f_ft_hk_nf
64	f_ft_hk_þf
64	f_ft_hk_þgf
64	f_ft_hk_ef
65	f_at_af
66	f_at_af
67	f_at_af
68	f_at_af
69	f_at_af
70	f_at_af
71	f_et_kk_nf
71	f_et_kk_þf
71	f_et_kk_þgf
71	f_et_kk_ef
71	f_et_kvk_nf
71	f_et_kvk_þf
71	f_et_kvk_þgf
71	f_et_kvk_ef
71	f_et_hk_nf
71	f_et_hk_þf
71	f_et_hk_þgf
71	f_et_hk_ef
71	f_ft_kk_nf
71	f_ft_kk_þf
71	f_ft_kk_þgf
71	f_ft_kk_ef
71	f_ft_kvk_nf
71	f_ft_kvk_þf
71	f_ft_kvk_þgf
71	f_ft_kvk_ef
71	f_ft_hk_nf
71	f_ft_hk_þf
71	f_ft_hk_þgf
71	f_ft_hk_ef
72	f_ft_kk_nf
72	f_ft_kk_þf
72	f_ft_kk_þgf
72	f_ft_kk_ef
72	f_ft_kvk_nf
72	f_ft_kvk_þf
72	f_ft_kvk_þgf
72	f_ft_kvk_ef
72	f_ft_hk_nf
72	f_ft_hk_þf
72	f_ft_hk_þgf
72	f_ft_hk_ef
73	f_ft_kk_nf
73	f_ft_kk_þf
73	f_ft_kk_þgf
73	f_ft_kk_ef
73	f_ft_kvk_nf
73	f_ft_kvk_þf
73	f_ft_kvk_þgf
73	f_ft_kvk_ef
73	f_ft_hk_nf
73	f_ft_hk_þf
73	f_ft_hk_þgf
73	f_ft_hk_ef
74	f_ft_kk_nf
74	f_ft_kk_þf
74	f_ft_kk_þgf
74	f_ft_kk_ef
74	f_ft_kvk_nf
74	f_ft_kvk_þf
74	f_ft_kvk_þgf
74	f_ft_kvk_ef
74	f_ft_hk_nf
74	f_ft_hk_þf
74	f_ft_hk_þgf
74	f_ft_hk_ef
75	f_at_af
76	f_at_af
77	f_at_af
78	f_at_af
79	f_at_af
80	f_at_af
81	f_et_kk_nf
81	f_et_kk_þf
81	f_et_kk_þgf
81	f_et_kk_ef
81	f_et_kvk_nf
81	f_et_kvk_þf
81	f_et_kvk_þgf
81	f_et_kvk_ef
81	f_et_hk_nf
81	f_et_hk_þf
81	f_et_hk_þgf
81	f_et_hk_ef
81	f_ft_kk_nf
81	f_ft_kk_þf
81	f_ft_kk_þgf
81	f_ft_kk_ef
81	f_ft_kvk_nf
81	f_ft_kvk_þf
81	f_ft_kvk_þgf
81	f_ft_kvk_ef
81	f_ft_hk_nf
81	f_ft_hk_þf
81	f_ft_hk_þgf
81	f_ft_hk_ef
82	f_ft_kk_nf
82	f_ft_kk_þf
82	f_ft_kk_þgf
82	f_ft_kk_ef
82	f_ft_kvk_nf
82	f_ft_kvk_þf
82	f_ft_kvk_þgf
82	f_ft_kvk_ef
82	f_ft_hk_nf
82	f_ft_hk_þf
82	f_ft_hk_þgf
82	f_ft_hk_ef
83	f_ft_kk_nf
83	f_ft_kk_þf
83	f_ft_kk_þgf
83	f_ft_kk_ef
83	f_ft_kvk_nf
83	f_ft_kvk_þf
83	f_ft_kvk_þgf
83	f_ft_kvk_ef
83	f_ft_hk_nf
83	f_ft_hk_þf
83	f_ft_hk_þgf
83	f_ft_hk_ef
84	f_ft_kk_nf
84	f_ft_kk_þf
84	f_ft_kk_þgf
84	f_ft_kk_ef
84	f_ft_kvk_nf
84	f_ft_kvk_þf
84	f_ft_kvk_þgf
84	f_ft_kvk_ef
84	f_ft_hk_nf
84	f_ft_hk_þf
84	f_ft_hk_þgf
84	f_ft_hk_ef
85	f_at_af
86	f_at_af
87	f_at_af
88	f_at_af
89	f_at_af
90	f_at_af
91	f_et_kk_nf
91	f_et_kk_þf
91	f_et_kk_þgf
91	f_et_kk_ef
91	f_et_kvk_nf
91	f_et_kvk_þf
91	f_et_kvk_þgf
91	f_et_kvk_ef
91	f_et_hk_nf
91	f_et_hk_þf
91	f_et_hk_þgf
91	f_et_hk_ef
91	f_ft_kk_nf
91	f_ft_kk_þf
91	f_ft_kk_þgf
91	f_ft_kk_ef
91	f_ft_kvk_nf
91	f_ft_kvk_þf
91	f_ft_kvk_þgf
91	f_ft_kvk_ef
91	f_ft_hk_nf
91	f_ft_hk_þf
91	f_ft_hk_þgf
91	f_ft_hk_ef
92	f_ft_kk_nf
92	f_ft_kk_þf
92	f_ft_kk_þgf
92	f_ft_kk_ef
92	f_ft_kvk_nf
92	f_ft_kvk_þf
92	f_ft_kvk_þgf
92	f_ft_kvk_ef
92	f_ft_hk_nf
92	f_ft_hk_þf
92	f_ft_hk_þgf
92	f_ft_hk_ef
93	f_ft_kk_nf
93	f_ft_kk_þf
93	f_ft_kk_þgf
93	f_ft_kk_ef
93	f_ft_kvk_nf
93	f_ft_kvk_þf
93	f_ft_kvk_þgf
93	f_ft_kvk_ef
93	f_ft_hk_nf
93	f_ft_hk_þf
93	f_ft_hk_þgf
93	f_ft_hk_ef
94	f_ft_kk_nf
94	f_ft_kk_þf
94	f_ft_kk_þgf
94	f_ft_kk_ef
94	f_ft_kvk_nf
94	f_ft_kvk_þf
94	f_ft_kvk_þgf
94	f_ft_kvk_ef
94	f_ft_hk_nf
94	f_ft_hk_þf
94	f_ft_hk_þgf
94	f_ft_hk_ef
95	f_at_af
96	f_at_af
97	f_at_af
98	f_at_af
99	f_at_af
100	f_at_af
101	f_et_kk_nf
101	f_et_kk_þf
101	f_et_kk_þgf
101	f_et_kk_ef
101	f_et_kvk_nf
101	f_et_kvk_þf
101	f_et_kvk_þgf
101	f_et_kvk_ef
101	f_et_hk_nf
101	f_et_hk_þf
101	f_et_hk_þgf
101	f_et_hk_ef
101	f_ft_kk_nf
101	f_ft_kk_þf
101	f_ft_kk_þgf
101	f_ft_kk_ef
101	f_ft_kvk_nf
101	f_ft_kvk_þf
101	f_ft_kvk_þgf
101	f_ft_kvk_ef
101	f_ft_hk_nf
101	f_ft_hk_þf
101	f_ft_hk_þgf
101	f_ft_hk_ef
102	f_ft_kk_nf
102	f_ft_kk_þf
102	f_ft_kk_þgf
102	f_ft_kk_ef
102	f_ft_kvk_nf
102	f_ft_kvk_þf
102	f_ft_kvk_þgf
102	f_ft_kvk_ef
102	f_ft_hk_nf
102	f_ft_hk_þf
102	f_ft_hk_þgf
102	f_ft_hk_ef
103	f_ft_kk_nf
103	f_ft_kk_þf
103	f_ft_kk_þgf
103	f_ft_kk_ef
103	f_ft_kvk_nf
103	f_ft_kvk_þf
103	f_ft_kvk_þgf
103	f_ft_kvk_ef
103	f_ft_hk_nf
103	f_ft_hk_þf
103	f_ft_hk_þgf
103	f_ft_hk_ef
104	f_ft_kk_nf
104	f_ft_kk_þf
104	f_ft_kk_þgf
104	f_ft_kk_ef
104	f_ft_kvk_nf
104	f_ft_kvk_þf
104	f_ft_kvk_þgf
104	f_ft_kvk_ef
104	f_ft_hk_nf
104	f_ft_hk_þf
104	f_ft_hk_þgf
104	f_ft_hk_ef
105	f_at_af
106	f_at_af
107	f_at_af
108	f_at_af
109	f_at_af
111	f_at_af
112	f_at_af
113	f_at_af
114	f_at_af
115	f_at_af
116	f_at_af
117	f_at_af
118	f_at_af
119	f_at_af
120	f_at_af
121	f_et_kk_nf
121	f_et_kk_þf
121	f_et_kk_þgf
121	f_et_kk_ef
121	f_et_kvk_nf
121	f_et_kvk_þf
121	f_et_kvk_þgf
121	f_et_kvk_ef
121	f_et_hk_nf
121	f_et_hk_þf
121	f_et_hk_þgf
121	f_et_hk_ef
121	f_ft_kk_nf
121	f_ft_kk_þf
121	f_ft_kk_þgf
121	f_ft_kk_ef
121	f_ft_kvk_nf
121	f_ft_kvk_þf
121	f_ft_kvk_þgf
121	f_ft_kvk_ef
121	f_ft_hk_nf
121	f_ft_hk_þf
121	f_ft_hk_þgf
121	f_ft_hk_ef
122	f_ft_kk_nf
122	f_ft_kk_þf
122	f_ft_kk_þgf
122	f_ft_kk_ef
122	f_ft_kvk_nf
122	f_ft_kvk_þf
122	f_ft_kvk_þgf
122	f_ft_kvk_ef
122	f_ft_hk_nf
122	f_ft_hk_þf
122	f_ft_hk_þgf
122	f_ft_hk_ef
123	f_ft_kk_nf
123	f_ft_kk_þf
123	f_ft_kk_þgf
123	f_ft_kk_ef
123	f_ft_kvk_nf
123	f_ft_kvk_þf
123	f_ft_kvk_þgf
123	f_ft_kvk_ef
123	f_ft_hk_nf
123	f_ft_hk_þf
123	f_ft_hk_þgf
123	f_ft_hk_ef
124	f_ft_kk_nf
124	f_ft_kk_þf
124	f_ft_kk_þgf
124	f_ft_kk_ef
124	f_ft_kvk_nf
124	f_ft_kvk_þf
124	f_ft_kvk_þgf
124	f_ft_kvk_ef
124	f_ft_hk_nf
124	f_ft_hk_þf
124	f_ft_hk_þgf
124	f_ft_hk_ef
125	f_at_af
126	f_at_af
127	f_at_af
128	f_at_af
129	f_at_af
130	f_at_af
131	f_et_kk_nf
131	f_et_kk_þf
131	f_et_kk_þgf
131	f_et_kk_ef
131	f_et_kvk_nf
131	f_et_kvk_þf
131	f_et_kvk_þgf
131	f_et_kvk_ef
131	f_et_hk_nf
131	f_et_hk_þf
131	f_et_hk_þgf
131	f_et_hk_ef
131	f_ft_kk_nf
131	f_ft_kk_þf
131	f_ft_kk_þgf
131	f_ft_kk_ef
131	f_ft_kvk_nf
131	f_ft_kvk_þf
131	f_ft_kvk_þgf
131	f_ft_kvk_ef
131	f_ft_hk_nf
131	f_ft_hk_þf
131	f_ft_hk_þgf
131	f_ft_hk_ef
132	f_ft_kk_nf
132	f_ft_kk_þf
132	f_ft_kk_þgf
132	f_ft_kk_ef
132	f_ft_kvk_nf
132	f_ft_kvk_þf
132	f_ft_kvk_þgf
132	f_ft_kvk_ef
132	f_ft_hk_nf
132	f_ft_hk_þf
132	f_ft_hk_þgf
132	f_ft_hk_ef
133	f_ft_kk_nf
133	f_ft_kk_þf
133	f_ft_kk_þgf
133	f_ft_kk_ef
133	f_ft_kvk_nf
133	f_ft_kvk_þf
133	f_ft_kvk_þgf
133	f_ft_kvk_ef
133	f_ft_hk_nf
133	f_ft_hk_þf
133	f_ft_hk_þgf
133	f_ft_hk_ef
134	f_ft_kk_nf
134	f_ft_kk_þf
134	f_ft_kk_þgf
134	f_ft_kk_ef
134	f_ft_kvk_nf
134	f_ft_kvk_þf
134	f_ft_kvk_þgf
134	f_ft_kvk_ef
134	f_ft_hk_nf
134	f_ft_hk_þf
134	f_ft_hk_þgf
134	f_ft_hk_ef
135	f_at_af
136	f_at_af
137	f_at_af
138	f_at_af
139	f_at_af
140	f_at_af
141	f_et_kk_nf
141	f_et_kk_þf
141	f_et_kk_þgf
141	f_et_kk_ef
141	f_et_kvk_nf
141	f_et_kvk_þf
141	f_et_kvk_þgf
141	f_et_kvk_ef
141	f_et_hk_nf
141	f_et_hk_þf
141	f_et_hk_þgf
141	f_et_hk_ef
141	f_ft_kk_nf
141	f_ft_kk_þf
141	f_ft_kk_þgf
141	f_ft_kk_ef
141	f_ft_kvk_nf
141	f_ft_kvk_þf
141	f_ft_kvk_þgf
141	f_ft_kvk_ef
141	f_ft_hk_nf
141	f_ft_hk_þf
141	f_ft_hk_þgf
141	f_ft_hk_ef
142	f_ft_kk_nf
142	f_ft_kk_þf
142	f_ft_kk_þgf
142	f_ft_kk_ef
142	f_ft_kvk_nf
142	f_ft_kvk_þf
142	f_ft_kvk_þgf
142	f_ft_kvk_ef
142	f_ft_hk_nf
142	f_ft_hk_þf
142	f_ft_hk_þgf
142	f_ft_hk_ef
143	f_ft_kk_nf
143	f_ft_kk_þf
143	f_ft_kk_þgf
143	f_ft_kk_ef
143	f_ft_kvk_nf
143	f_ft_kvk_þf
143	f_ft_kvk_þgf
143	f_ft_kvk_ef
143	f_ft_hk_nf
143	f_ft_hk_þf
143	f_ft_hk_þgf
143	f_ft_hk_ef
144	f_ft_kk_nf
144	f_ft_kk_þf
144	f_ft_kk_þgf
144	f_ft_kk_ef
144	f_ft_kvk_nf
144	f_ft_kvk_þf
144	f_ft_kvk_þgf
144	f_ft_kvk_ef
144	f_ft_hk_nf
144	f_ft_hk_þf
144	f_ft_hk_þgf
144	f_ft_hk_ef
145	f_at_af
146	f_at_af
147	f_at_af
148	f_at_af
149	f_at_af
150	f_at_af
151	f_et_kk_nf
151	f_et_kk_þf
151	f_et_kk_þgf
151	f_et_kk_ef
151	f_et_kvk_nf
151	f_et_kvk_þf
151	f_et_kvk_þgf
151	f_et_kvk_ef
151	f_et_hk_nf
151	f_et_hk_þf
151	f_et_hk_þgf
151	f_et_hk_ef
151	f_ft_kk_nf
151	f_ft_kk_þf
151	f_ft_kk_þgf
151	f_ft_kk_ef
151	f_ft_kvk_nf
151	f_ft_kvk_þf
151	f_ft_kvk_þgf
151	f_ft_kvk_ef
151	f_ft_hk_nf
151	f_ft_hk_þf
151	f_ft_hk_þgf
151	f_ft_hk_ef
152	f_ft_kk_nf
152	f_ft_kk_þf
152	f_ft_kk_þgf
152	f_ft_kk_ef
152	f_ft_kvk_nf
152	f_ft_kvk_þf
152	f_ft_kvk_þgf
152	f_ft_kvk_ef
152	f_ft_hk_nf
152	f_ft_hk_þf
152	f_ft_hk_þgf
152	f_ft_hk_ef
153	f_ft_kk_nf
153	f_ft_kk_þf
153	f_ft_kk_þgf
153	f_ft_kk_ef
153	f_ft_kvk_nf
153	f_ft_kvk_þf
153	f_ft_kvk_þgf
153	f_ft_kvk_ef
153	f_ft_hk_nf
153	f_ft_hk_þf
153	f_ft_hk_þgf
153	f_ft_hk_ef
154	f_ft_kk_nf
154	f_ft_kk_þf
154	f_ft_kk_þgf
154	f_ft_kk_ef
154	f_ft_kvk_nf
154	f_ft_kvk_þf
154	f_ft_kvk_þgf
154	f_ft_kvk_ef
154	f_ft_hk_nf
154	f_ft_hk_þf
154	f_ft_hk_þgf
154	f_ft_hk_ef
155	f_at_af
156	f_at_af
157	f_at_af
158	f_at_af
159	f_at_af
160	f_at_af
161	f_et_kk_nf
161	f_et_kk_þf
161	f_et_kk_þgf
161	f_et_kk_ef
161	f_et_kvk_nf
161	f_et_kvk_þf
161	f_et_kvk_þgf
161	f_et_kvk_ef
161	f_et_hk_nf
161	f_et_hk_þf
161	f_et_hk_þgf
161	f_et_hk_ef
161	f_ft_kk_nf
161	f_ft_kk_þf
161	f_ft_kk_þgf
161	f_ft_kk_ef
161	f_ft_kvk_nf
161	f_ft_kvk_þf
161	f_ft_kvk_þgf
161	f_ft_kvk_ef
161	f_ft_hk_nf
161	f_ft_hk_þf
161	f_ft_hk_þgf
161	f_ft_hk_ef
162	f_ft_kk_nf
162	f_ft_kk_þf
162	f_ft_kk_þgf
162	f_ft_kk_ef
162	f_ft_kvk_nf
162	f_ft_kvk_þf
162	f_ft_kvk_þgf
162	f_ft_kvk_ef
162	f_ft_hk_nf
162	f_ft_hk_þf
162	f_ft_hk_þgf
162	f_ft_hk_ef
163	f_ft_kk_nf
163	f_ft_kk_þf
163	f_ft_kk_þgf
163	f_ft_kk_ef
163	f_ft_kvk_nf
163	f_ft_kvk_þf
163	f_ft_kvk_þgf
163	f_ft_kvk_ef
163	f_ft_hk_nf
163	f_ft_hk_þf
163	f_ft_hk_þgf
163	f_ft_hk_ef
164	f_ft_kk_nf
164	f_ft_kk_þf
164	f_ft_kk_þgf
164	f_ft_kk_ef
164	f_ft_kvk_nf
164	f_ft_kvk_þf
164	f_ft_kvk_þgf
164	f_ft_kvk_ef
164	f_ft_hk_nf
164	f_ft_hk_þf
164	f_ft_hk_þgf
164	f_ft_hk_ef
165	f_at_af
166	f_at_af
167	f_at_af
168	f_at_af
169	f_at_af
170	f_at_af
171	f_et_kk_nf
171	f_et_kk_þf
171	f_et_kk_þgf
171	f_et_kk_ef
171	f_et_kvk_nf
171	f_et_kvk_þf
171	f_et_kvk_þgf
171	f_et_kvk_ef
171	f_et_hk_nf
171	f_et_hk_þf
171	f_et_hk_þgf
171	f_et_hk_ef
171	f_ft_kk_nf
171	f_ft_kk_þf
171	f_ft_kk_þgf
171	f_ft_kk_ef
171	f_ft_kvk_nf
171	f_ft_kvk_þf
171	f_ft_kvk_þgf
171	f_ft_kvk_ef
171	f_ft_hk_nf
171	f_ft_hk_þf
171	f_ft_hk_þgf
171	f_ft_hk_ef
172	f_ft_kk_nf
172	f_ft_kk_þf
172	f_ft_kk_þgf
172	f_ft_kk_ef
172	f_ft_kvk_nf
172	f_ft_kvk_þf
172	f_ft_kvk_þgf
172	f_ft_kvk_ef
172	f_ft_hk_nf
172	f_ft_hk_þf
172	f_ft_hk_þgf
172	f_ft_hk_ef
173	f_ft_kk_nf
173	f_ft_kk_þf
173	f_ft_kk_þgf
173	f_ft_kk_ef
173	f_ft_kvk_nf
173	f_ft_kvk_þf
173	f_ft_kvk_þgf
173	f_ft_kvk_ef
173	f_ft_hk_nf
173	f_ft_hk_þf
173	f_ft_hk_þgf
173	f_ft_hk_ef
174	f_ft_kk_nf
174	f_ft_kk_þf
174	f_ft_kk_þgf
174	f_ft_kk_ef
174	f_ft_kvk_nf
174	f_ft_kvk_þf
174	f_ft_kvk_þgf
174	f_ft_kvk_ef
174	f_ft_hk_nf
174	f_ft_hk_þf
174	f_ft_hk_þgf
174	f_ft_hk_ef
175	f_at_af
176	f_at_af
177	f_at_af
178	f_at_af
179	f_at_af
180	f_at_af
181	f_et_kk_nf
181	f_et_kk_þf
181	f_et_kk_þgf
181	f_et_kk_ef
181	f_et_kvk_nf
181	f_et_kvk_þf
181	f_et_kvk_þgf
181	f_et_kvk_ef
181	f_et_hk_nf
181	f_et_hk_þf
181	f_et_hk_þgf
181	f_et_hk_ef
181	f_ft_kk_nf
181	f_ft_kk_þf
181	f_ft_kk_þgf
181	f_ft_kk_ef
181	f_ft_kvk_nf
181	f_ft_kvk_þf
181	f_ft_kvk_þgf
181	f_ft_kvk_ef
181	f_ft_hk_nf
181	f_ft_hk_þf
181	f_ft_hk_þgf
181	f_ft_hk_ef
182	f_ft_kk_nf
182	f_ft_kk_þf
182	f_ft_kk_þgf
182	f_ft_kk_ef
182	f_ft_kvk_nf
182	f_ft_kvk_þf
182	f_ft_kvk_þgf
182	f_ft_kvk_ef
182	f_ft_hk_nf
182	f_ft_hk_þf
182	f_ft_hk_þgf
182	f_ft_hk_ef
183	f_ft_kk_nf
183	f_ft_kk_þf
183	f_ft_kk_þgf
183	f_ft_kk_ef
183	f_ft_kvk_nf
183	f_ft_kvk_þf
183	f_ft_kvk_þgf
183	f_ft_kvk_ef
183	f_ft_hk_nf
183	f_ft_hk_þf
183	f_ft_hk_þgf
183	f_ft_hk_ef
184	f_ft_kk_nf
184	f_ft_kk_þf
184	f_ft_kk_þgf
184	f_ft_kk_ef
184	f_ft_kvk_nf
184	f_ft_kvk_þf
184	f_ft_kvk_þgf
184	f_ft_kvk_ef
184	f_ft_hk_nf
184	f_ft_hk_þf
184	f_ft_hk_þgf
184	f_ft_hk_ef
185	f_at_af
186	f_at_af
187	f_at_af
188	f_at_af
189	f_at_af
190	f_at_af
191	f_et_kk_nf
191	f_et_kk_þf
191	f_et_kk_þgf
191	f_et_kk_ef
191	f_et_kvk_nf
191	f_et_kvk_þf
191	f_et_kvk_þgf
191	f_et_kvk_ef
191	f_et_hk_nf
191	f_et_hk_þf
191	f_et_hk_þgf
191	f_et_hk_ef
191	f_ft_kk_nf
191	f_ft_kk_þf
191	f_ft_kk_þgf
191	f_ft_kk_ef
191	f_ft_kvk_nf
191	f_ft_kvk_þf
191	f_ft_kvk_þgf
191	f_ft_kvk_ef
191	f_ft_hk_nf
191	f_ft_hk_þf
191	f_ft_hk_þgf
191	f_ft_hk_ef
192	f_ft_kk_nf
192	f_ft_kk_þf
192	f_ft_kk_þgf
192	f_ft_kk_ef
192	f_ft_kvk_nf
192	f_ft_kvk_þf
192	f_ft_kvk_þgf
192	f_ft_kvk_ef
192	f_ft_hk_nf
192	f_ft_hk_þf
192	f_ft_hk_þgf
192	f_ft_hk_ef
193	f_ft_kk_nf
193	f_ft_kk_þf
193	f_ft_kk_þgf
193	f_ft_kk_ef
193	f_ft_kvk_nf
193	f_ft_kvk_þf
193	f_ft_kvk_þgf
193	f_ft_kvk_ef
193	f_ft_hk_nf
193	f_ft_hk_þf
193	f_ft_hk_þgf
193	f_ft_hk_ef
194	f_ft_kk_nf
194	f_ft_kk_þf
194	f_ft_kk_þgf
194	f_ft_kk_ef
194	f_ft_kvk_nf
194	f_ft_kvk_þf
194	f_ft_kvk_þgf
194	f_ft_kvk_ef
194	f_ft_hk_nf
194	f_ft_hk_þf
194	f_ft_hk_þgf
194	f_ft_hk_ef
195	f_at_af
196	f_at_af
197	f_at_af
198	f_at_af
199	f_at_af
